Commit for Thu 17 Apr 2025 12:00:00 +0500
Commit for Wed 16 Apr 2025 12:00:00 +0500
Commit for Tue 15 Apr 2025 12:00:00 +0500
Commit for Mon 14 Apr 2025 12:00:00 +0500
Commit for Sun 13 Apr 2025 12:00:00 +0500
Commit for Sat 12 Apr 2025 12:00:00 +0500
Commit for Fri 11 Apr 2025 12:00:00 +0500
Commit for Thu 10 Apr 2025 12:00:00 +0500
Commit for Wed 09 Apr 2025 12:00:00 +0500
Commit for Tue 08 Apr 2025 12:00:00 +0500
Commit for Mon 07 Apr 2025 12:00:00 +0500
Commit for Sun 06 Apr 2025 12:00:00 +0500
Commit for Sat 05 Apr 2025 12:00:00 +0500
Commit for Fri 04 Apr 2025 12:00:00 +0500
Commit for Thu 03 Apr 2025 12:00:00 +0500
Commit for Wed 02 Apr 2025 12:00:00 +0500
Commit for Tue 01 Apr 2025 12:00:00 +0500
Commit for Mon 31 Mar 2025 12:00:00 +0500
Commit for Sun 30 Mar 2025 12:00:00 +0500
Commit for Sat 29 Mar 2025 12:00:00 +0500
Commit for Fri 28 Mar 2025 12:00:00 +0500
Commit for Thu 27 Mar 2025 12:00:00 +0500
Commit for Wed 26 Mar 2025 12:00:00 +0500
Commit for Tue 25 Mar 2025 12:00:00 +0500
Commit for Mon 24 Mar 2025 12:00:00 +0500
Commit for Sun 23 Mar 2025 12:00:00 +0500
Commit for Sat 22 Mar 2025 12:00:00 +0500
Commit for Fri 21 Mar 2025 12:00:00 +0500
Commit for Thu 20 Mar 2025 12:00:00 +0500
Commit for Wed 19 Mar 2025 12:00:00 +0500
Commit for Tue 18 Mar 2025 12:00:00 +0500
Commit for Mon 17 Mar 2025 12:00:00 +0500
Commit for Sun 16 Mar 2025 12:00:00 +0500
Commit for Sat 15 Mar 2025 12:00:00 +0500
Commit for Fri 14 Mar 2025 12:00:00 +0500
Commit for Thu 13 Mar 2025 12:00:00 +0500
Commit for Wed 12 Mar 2025 12:00:00 +0500
Commit for Tue 11 Mar 2025 12:00:00 +0500
Commit for Mon 10 Mar 2025 12:00:00 +0500
Commit for Sun 09 Mar 2025 12:00:00 +0500
Commit for Sat 08 Mar 2025 12:00:00 +0500
Commit for Fri 07 Mar 2025 12:00:00 +0500
Commit for Thu 06 Mar 2025 12:00:00 +0500
Commit for Wed 05 Mar 2025 12:00:00 +0500
Commit for Tue 04 Mar 2025 12:00:00 +0500
Commit for Mon 03 Mar 2025 12:00:00 +0500
Commit for Sun 02 Mar 2025 12:00:00 +0500
Commit for Sat 01 Mar 2025 12:00:00 +0500
Commit for Fri 28 Feb 2025 12:00:00 +0500
Commit for Thu 27 Feb 2025 12:00:00 +0500
Commit for Wed 26 Feb 2025 12:00:00 +0500
Commit for Tue 25 Feb 2025 12:00:00 +0500
Commit for Mon 24 Feb 2025 12:00:00 +0500
Commit for Sun 23 Feb 2025 12:00:00 +0500
Commit for Sat 22 Feb 2025 12:00:00 +0500
Commit for Fri 21 Feb 2025 12:00:00 +0500
Commit for Thu 20 Feb 2025 12:00:00 +0500
Commit for Wed 19 Feb 2025 12:00:00 +0500
Commit for Tue 18 Feb 2025 12:00:00 +0500
Commit for Mon 17 Feb 2025 12:00:00 +0500
Commit for Sun 16 Feb 2025 12:00:00 +0500
Commit for Sat 15 Feb 2025 12:00:00 +0500
Commit for Fri 14 Feb 2025 12:00:00 +0500
Commit for Thu 13 Feb 2025 12:00:00 +0500
Commit for Wed 12 Feb 2025 12:00:00 +0500
Commit for Tue 11 Feb 2025 12:00:00 +0500
Commit for Mon 10 Feb 2025 12:00:00 +0500
Commit for Sun 09 Feb 2025 12:00:00 +0500
Commit for Sat 08 Feb 2025 12:00:00 +0500
Commit for Fri 07 Feb 2025 12:00:00 +0500
Commit for Thu 06 Feb 2025 12:00:00 +0500
Commit for Wed 05 Feb 2025 12:00:00 +0500
Commit for Tue 04 Feb 2025 12:00:00 +0500
Commit for Mon 03 Feb 2025 12:00:00 +0500
Commit for Sun 02 Feb 2025 12:00:00 +0500
Commit for Sat 01 Feb 2025 12:00:00 +0500
Commit for Fri 31 Jan 2025 12:00:00 +0500
Commit for Thu 30 Jan 2025 12:00:00 +0500
Commit for Wed 29 Jan 2025 12:00:00 +0500
Commit for Tue 28 Jan 2025 12:00:00 +0500
Commit for Mon 27 Jan 2025 12:00:00 +0500
Commit for Sun 26 Jan 2025 12:00:00 +0500
Commit for Sat 25 Jan 2025 12:00:00 +0500
Commit for Fri 24 Jan 2025 12:00:00 +0500
Commit for Thu 23 Jan 2025 12:00:00 +0500
Commit for Wed 22 Jan 2025 12:00:00 +0500
Commit for Tue 21 Jan 2025 12:00:00 +0500
Commit for Mon 20 Jan 2025 12:00:00 +0500
Commit for Sun 19 Jan 2025 12:00:00 +0500
Commit for Sat 18 Jan 2025 12:00:00 +0500
Commit for Fri 17 Jan 2025 12:00:00 +0500
Commit for Thu 16 Jan 2025 12:00:00 +0500
Commit for Wed 15 Jan 2025 12:00:00 +0500
Commit for Tue 14 Jan 2025 12:00:00 +0500
Commit for Mon 13 Jan 2025 12:00:00 +0500
Commit for Sun 12 Jan 2025 12:00:00 +0500
Commit for Sat 11 Jan 2025 12:00:00 +0500
Commit for Fri 10 Jan 2025 12:00:00 +0500
Commit for Thu 09 Jan 2025 12:00:00 +0500
Commit for Wed 08 Jan 2025 12:00:00 +0500
Commit for Tue 07 Jan 2025 12:00:00 +0500
Commit for Mon 06 Jan 2025 12:00:00 +0500
Commit for Sun 05 Jan 2025 12:00:00 +0500
Commit for Sat 04 Jan 2025 12:00:00 +0500
Commit for Fri 03 Jan 2025 12:00:00 +0500
Commit for Thu 02 Jan 2025 12:00:00 +0500
Commit for Wed 01 Jan 2025 12:00:00 +0500
Commit for Tue 31 Dec 2024 12:00:00 +0500
Commit for Mon 30 Dec 2024 12:00:00 +0500
Commit for Sun 29 Dec 2024 12:00:00 +0500
Commit for Sat 28 Dec 2024 12:00:00 +0500
Commit for Fri 27 Dec 2024 12:00:00 +0500
Commit for Thu 26 Dec 2024 12:00:00 +0500
Commit for Wed 25 Dec 2024 12:00:00 +0500
Commit for Tue 24 Dec 2024 12:00:00 +0500
Commit for Mon 23 Dec 2024 12:00:00 +0500
Commit for Sun 22 Dec 2024 12:00:00 +0500
Commit for Sat 21 Dec 2024 12:00:00 +0500
Commit for Fri 20 Dec 2024 12:00:00 +0500
Commit for Thu 19 Dec 2024 12:00:00 +0500
Commit for Wed 18 Dec 2024 12:00:00 +0500
Commit for Tue 17 Dec 2024 12:00:00 +0500
Commit for Mon 16 Dec 2024 12:00:00 +0500
Commit for Sun 15 Dec 2024 12:00:00 +0500
Commit for Sat 14 Dec 2024 12:00:00 +0500
Commit for Fri 13 Dec 2024 12:00:00 +0500
Commit for Thu 12 Dec 2024 12:00:00 +0500
Commit for Wed 11 Dec 2024 12:00:00 +0500
Commit for Tue 10 Dec 2024 12:00:00 +0500
Commit for Mon 09 Dec 2024 12:00:00 +0500
Commit for Sun 08 Dec 2024 12:00:00 +0500
Commit for Sat 07 Dec 2024 12:00:00 +0500
Commit for Fri 06 Dec 2024 12:00:00 +0500
Commit for Thu 05 Dec 2024 12:00:00 +0500
Commit for Wed 04 Dec 2024 12:00:00 +0500
Commit for Tue 03 Dec 2024 12:00:00 +0500
Commit for Mon 02 Dec 2024 12:00:00 +0500
Commit for Sun 01 Dec 2024 12:00:00 +0500
Commit for Sat 30 Nov 2024 12:00:00 +0500
Commit for Fri 29 Nov 2024 12:00:00 +0500
Commit for Thu 28 Nov 2024 12:00:00 +0500
Commit for Wed 27 Nov 2024 12:00:00 +0500
Commit for Tue 26 Nov 2024 12:00:00 +0500
Commit for Mon 25 Nov 2024 12:00:00 +0500
Commit for Sun 24 Nov 2024 12:00:00 +0500
Commit for Sat 23 Nov 2024 12:00:00 +0500
Commit for Fri 22 Nov 2024 12:00:00 +0500
Commit for Thu 21 Nov 2024 12:00:00 +0500
Commit for Wed 20 Nov 2024 12:00:00 +0500
Commit for Tue 19 Nov 2024 12:00:00 +0500
Commit for Mon 18 Nov 2024 12:00:00 +0500
Commit for Sun 17 Nov 2024 12:00:00 +0500
Commit for Sat 16 Nov 2024 12:00:00 +0500
Commit for Fri 15 Nov 2024 12:00:00 +0500
Commit for Thu 14 Nov 2024 12:00:00 +0500
Commit for Wed 13 Nov 2024 12:00:00 +0500
Commit for Tue 12 Nov 2024 12:00:00 +0500
Commit for Mon 11 Nov 2024 12:00:00 +0500
Commit for Sun 10 Nov 2024 12:00:00 +0500
Commit for Sat 09 Nov 2024 12:00:00 +0500
Commit for Fri 08 Nov 2024 12:00:00 +0500
Commit for Thu 07 Nov 2024 12:00:00 +0500
Commit for Wed 06 Nov 2024 12:00:00 +0500
Commit for Tue 05 Nov 2024 12:00:00 +0500
Commit for Mon 04 Nov 2024 12:00:00 +0500
Commit for Sun 03 Nov 2024 12:00:00 +0500
Commit for Sat 02 Nov 2024 12:00:00 +0500
Commit for Fri 01 Nov 2024 12:00:00 +0500
Commit for Thu 31 Oct 2024 12:00:00 +0500
Commit for Wed 30 Oct 2024 12:00:00 +0500
Commit for Tue 29 Oct 2024 12:00:00 +0500
Commit for Mon 28 Oct 2024 12:00:00 +0500
Commit for Sun 27 Oct 2024 12:00:00 +0500
Commit for Sat 26 Oct 2024 12:00:00 +0500
Commit for Fri 25 Oct 2024 12:00:00 +0500
Commit for Thu 24 Oct 2024 12:00:00 +0500
Commit for Wed 23 Oct 2024 12:00:00 +0500
Commit for Tue 22 Oct 2024 12:00:00 +0500
Commit for Mon 21 Oct 2024 12:00:00 +0500
Commit for Sun 20 Oct 2024 12:00:00 +0500
Commit for Sat 19 Oct 2024 12:00:00 +0500
Commit for Fri 18 Oct 2024 12:00:00 +0500
Commit for Thu 17 Oct 2024 12:00:00 +0500
Commit for Wed 16 Oct 2024 12:00:00 +0500
Commit for Tue 15 Oct 2024 12:00:00 +0500
Commit for Mon 14 Oct 2024 12:00:00 +0500
Commit for Sun 13 Oct 2024 12:00:00 +0500
Commit for Sat 12 Oct 2024 12:00:00 +0500
Commit for Fri 11 Oct 2024 12:00:00 +0500
Commit for Thu 10 Oct 2024 12:00:00 +0500
Commit for Wed 09 Oct 2024 12:00:00 +0500
Commit for Tue 08 Oct 2024 12:00:00 +0500
Commit for Mon 07 Oct 2024 12:00:00 +0500
Commit for Sun 06 Oct 2024 12:00:00 +0500
Commit for Sat 05 Oct 2024 12:00:00 +0500
Commit for Fri 04 Oct 2024 12:00:00 +0500
Commit for Thu 03 Oct 2024 12:00:00 +0500
Commit for Wed 02 Oct 2024 12:00:00 +0500
Commit for Tue 01 Oct 2024 12:00:00 +0500
Commit for Mon 30 Sep 2024 12:00:00 +0500
Commit for Sun 29 Sep 2024 12:00:00 +0500
Commit for Sat 28 Sep 2024 12:00:00 +0500
Commit for Fri 27 Sep 2024 12:00:00 +0500
Commit for Thu 26 Sep 2024 12:00:00 +0500
Commit for Wed 25 Sep 2024 12:00:00 +0500
Commit for Tue 24 Sep 2024 12:00:00 +0500
Commit for Mon 23 Sep 2024 12:00:00 +0500
Commit for Sun 22 Sep 2024 12:00:00 +0500
Commit for Sat 21 Sep 2024 12:00:00 +0500
Commit for Fri 20 Sep 2024 12:00:00 +0500
Commit for Thu 19 Sep 2024 12:00:00 +0500
Commit for Wed 18 Sep 2024 12:00:00 +0500
Commit for Tue 17 Sep 2024 12:00:00 +0500
Commit for Mon 16 Sep 2024 12:00:00 +0500
Commit for Sun 15 Sep 2024 12:00:00 +0500
Commit for Sat 14 Sep 2024 12:00:00 +0500
Commit for Fri 13 Sep 2024 12:00:00 +0500
Commit for Thu 12 Sep 2024 12:00:00 +0500
Commit for Wed 11 Sep 2024 12:00:00 +0500
Commit for Tue 10 Sep 2024 12:00:00 +0500
Commit for Mon 09 Sep 2024 12:00:00 +0500
Commit for Sun 08 Sep 2024 12:00:00 +0500
Commit for Sat 07 Sep 2024 12:00:00 +0500
Commit for Fri 06 Sep 2024 12:00:00 +0500
Commit for Thu 05 Sep 2024 12:00:00 +0500
Commit for Wed 04 Sep 2024 12:00:00 +0500
Commit for Tue 03 Sep 2024 12:00:00 +0500
Commit for Mon 02 Sep 2024 12:00:00 +0500
Commit for Sun 01 Sep 2024 12:00:00 +0500
Commit for Sat 31 Aug 2024 12:00:00 +0500
Commit for Fri 30 Aug 2024 12:00:00 +0500
Commit for Thu 29 Aug 2024 12:00:00 +0500
Commit for Wed 28 Aug 2024 12:00:00 +0500
Commit for Tue 27 Aug 2024 12:00:00 +0500
Commit for Mon 26 Aug 2024 12:00:00 +0500
Commit for Sun 25 Aug 2024 12:00:00 +0500
Commit for Sat 24 Aug 2024 12:00:00 +0500
Commit for Fri 23 Aug 2024 12:00:00 +0500
Commit for Thu 22 Aug 2024 12:00:00 +0500
Commit for Wed 21 Aug 2024 12:00:00 +0500
Commit for Tue 20 Aug 2024 12:00:00 +0500
Commit for Mon 19 Aug 2024 12:00:00 +0500
Commit for Sun 18 Aug 2024 12:00:00 +0500
Commit for Sat 17 Aug 2024 12:00:00 +0500
Commit for Fri 16 Aug 2024 12:00:00 +0500
Commit for Thu 15 Aug 2024 12:00:00 +0500
Commit for Wed 14 Aug 2024 12:00:00 +0500
Commit for Tue 13 Aug 2024 12:00:00 +0500
Commit for Mon 12 Aug 2024 12:00:00 +0500
Commit for Sun 11 Aug 2024 12:00:00 +0500
Commit for Sat 10 Aug 2024 12:00:00 +0500
Commit for Fri 09 Aug 2024 12:00:00 +0500
Commit for Thu 08 Aug 2024 12:00:00 +0500
Commit for Wed 07 Aug 2024 12:00:00 +0500
Commit for Tue 06 Aug 2024 12:00:00 +0500
Commit for Mon 05 Aug 2024 12:00:00 +0500
Commit for Sun 04 Aug 2024 12:00:00 +0500
Commit for Sat 03 Aug 2024 12:00:00 +0500
Commit for Fri 02 Aug 2024 12:00:00 +0500
Commit for Thu 01 Aug 2024 12:00:00 +0500
Commit for Wed 31 Jul 2024 12:00:00 +0500
Commit for Tue 30 Jul 2024 12:00:00 +0500
Commit for Mon 29 Jul 2024 12:00:00 +0500
Commit for Sun 28 Jul 2024 12:00:00 +0500
Commit for Sat 27 Jul 2024 12:00:00 +0500
Commit for Fri 26 Jul 2024 12:00:00 +0500
Commit for Thu 25 Jul 2024 12:00:00 +0500
Commit for Wed 24 Jul 2024 12:00:00 +0500
Commit for Tue 23 Jul 2024 12:00:00 +0500
Commit for Mon 22 Jul 2024 12:00:00 +0500
Commit for Sun 21 Jul 2024 12:00:00 +0500
Commit for Sat 20 Jul 2024 12:00:00 +0500
Commit for Fri 19 Jul 2024 12:00:00 +0500
Commit for Thu 18 Jul 2024 12:00:00 +0500
Commit for Wed 17 Jul 2024 12:00:00 +0500
Commit for Tue 16 Jul 2024 12:00:00 +0500
Commit for Mon 15 Jul 2024 12:00:00 +0500
Commit for Sun 14 Jul 2024 12:00:00 +0500
Commit for Sat 13 Jul 2024 12:00:00 +0500
Commit for Fri 12 Jul 2024 12:00:00 +0500
Commit for Thu 11 Jul 2024 12:00:00 +0500
Commit for Wed 10 Jul 2024 12:00:00 +0500
Commit for Tue 09 Jul 2024 12:00:00 +0500
Commit for Mon 08 Jul 2024 12:00:00 +0500
Commit for Sun 07 Jul 2024 12:00:00 +0500
Commit for Sat 06 Jul 2024 12:00:00 +0500
Commit for Fri 05 Jul 2024 12:00:00 +0500
Commit for Thu 04 Jul 2024 12:00:00 +0500
Commit for Wed 03 Jul 2024 12:00:00 +0500
Commit for Tue 02 Jul 2024 12:00:00 +0500
Commit for Mon 01 Jul 2024 12:00:00 +0500
Commit for Sun 30 Jun 2024 12:00:00 +0500
Commit for Sat 29 Jun 2024 12:00:00 +0500
Commit for Fri 28 Jun 2024 12:00:00 +0500
Commit for Thu 27 Jun 2024 12:00:00 +0500
Commit for Wed 26 Jun 2024 12:00:00 +0500
Commit for Tue 25 Jun 2024 12:00:00 +0500
Commit for Mon 24 Jun 2024 12:00:00 +0500
Commit for Sun 23 Jun 2024 12:00:00 +0500
Commit for Sat 22 Jun 2024 12:00:00 +0500
Commit for Fri 21 Jun 2024 12:00:00 +0500
Commit for Thu 20 Jun 2024 12:00:00 +0500
Commit for Wed 19 Jun 2024 12:00:00 +0500
Commit for Tue 18 Jun 2024 12:00:00 +0500
Commit for Mon 17 Jun 2024 12:00:00 +0500
Commit for Sun 16 Jun 2024 12:00:00 +0500
Commit for Sat 15 Jun 2024 12:00:00 +0500
Commit for Fri 14 Jun 2024 12:00:00 +0500
Commit for Thu 13 Jun 2024 12:00:00 +0500
Commit for Wed 12 Jun 2024 12:00:00 +0500
Commit for Tue 11 Jun 2024 12:00:00 +0500
Commit for Mon 10 Jun 2024 12:00:00 +0500
Commit for Sun 09 Jun 2024 12:00:00 +0500
Commit for Sat 08 Jun 2024 12:00:00 +0500
Commit for Fri 07 Jun 2024 12:00:00 +0500
Commit for Thu 06 Jun 2024 12:00:00 +0500
Commit for Wed 05 Jun 2024 12:00:00 +0500
Commit for Tue 04 Jun 2024 12:00:00 +0500
Commit for Mon 03 Jun 2024 12:00:00 +0500
Commit for Sun 02 Jun 2024 12:00:00 +0500
Commit for Sat 01 Jun 2024 12:00:00 +0500
Commit for Fri 31 May 2024 12:00:00 +0500
Commit for Thu 30 May 2024 12:00:00 +0500
Commit for Wed 29 May 2024 12:00:00 +0500
Commit for Tue 28 May 2024 12:00:00 +0500
Commit for Mon 27 May 2024 12:00:00 +0500
Commit for Sun 26 May 2024 12:00:00 +0500
Commit for Sat 25 May 2024 12:00:00 +0500
Commit for Fri 24 May 2024 12:00:00 +0500
Commit for Thu 23 May 2024 12:00:00 +0500
Commit for Wed 22 May 2024 12:00:00 +0500
Commit for Tue 21 May 2024 12:00:00 +0500
Commit for Mon 20 May 2024 12:00:00 +0500
Commit for Sun 19 May 2024 12:00:00 +0500
Commit for Sat 18 May 2024 12:00:00 +0500
Commit for Fri 17 May 2024 12:00:00 +0500
Commit for Thu 16 May 2024 12:00:00 +0500
Commit for Wed 15 May 2024 12:00:00 +0500
Commit for Tue 14 May 2024 12:00:00 +0500
Commit for Mon 13 May 2024 12:00:00 +0500
Commit for Sun 12 May 2024 12:00:00 +0500
Commit for Sat 11 May 2024 12:00:00 +0500
Commit for Fri 10 May 2024 12:00:00 +0500
Commit for Thu 09 May 2024 12:00:00 +0500
Commit for Wed 08 May 2024 12:00:00 +0500
Commit for Tue 07 May 2024 12:00:00 +0500
Commit for Mon 06 May 2024 12:00:00 +0500
Commit for Sun 05 May 2024 12:00:00 +0500
Commit for Sat 04 May 2024 12:00:00 +0500
Commit for Fri 03 May 2024 12:00:00 +0500
Commit for Thu 02 May 2024 12:00:00 +0500
Commit for Wed 01 May 2024 12:00:00 +0500
Commit for Tue 30 Apr 2024 12:00:00 +0500
Commit for Mon 29 Apr 2024 12:00:00 +0500
Commit for Sun 28 Apr 2024 12:00:00 +0500
Commit for Sat 27 Apr 2024 12:00:00 +0500
Commit for Fri 26 Apr 2024 12:00:00 +0500
Commit for Thu 25 Apr 2024 12:00:00 +0500
Commit for Wed 24 Apr 2024 12:00:00 +0500
Commit for Tue 23 Apr 2024 12:00:00 +0500
Commit for Mon 22 Apr 2024 12:00:00 +0500
Commit for Sun 21 Apr 2024 12:00:00 +0500
Commit for Sat 20 Apr 2024 12:00:00 +0500
Commit for Fri 19 Apr 2024 12:00:00 +0500
Commit for Thu 18 Apr 2024 12:00:00 +0500
Commit for Wed 17 Apr 2024 12:00:00 +0500
Commit for Tue 16 Apr 2024 12:00:00 +0500
Commit for Mon 15 Apr 2024 12:00:00 +0500
Commit for Sun 14 Apr 2024 12:00:00 +0500
Commit for Sat 13 Apr 2024 12:00:00 +0500
Commit for Fri 12 Apr 2024 12:00:00 +0500
Commit for Thu 11 Apr 2024 12:00:00 +0500
Commit for Wed 10 Apr 2024 12:00:00 +0500
Commit for Tue 09 Apr 2024 12:00:00 +0500
Commit for Mon 08 Apr 2024 12:00:00 +0500
Commit for Sun 07 Apr 2024 12:00:00 +0500
Commit for Sat 06 Apr 2024 12:00:00 +0500
Commit for Fri 05 Apr 2024 12:00:00 +0500
Commit for Thu 04 Apr 2024 12:00:00 +0500
Commit for Wed 03 Apr 2024 12:00:00 +0500
Commit for Tue 02 Apr 2024 12:00:00 +0500
Commit for Mon 01 Apr 2024 12:00:00 +0500
Commit for Sun 31 Mar 2024 12:00:00 +0500
Commit for Sat 30 Mar 2024 12:00:00 +0500
Commit for Fri 29 Mar 2024 12:00:00 +0500
Commit for Thu 28 Mar 2024 12:00:00 +0500
Commit for Wed 27 Mar 2024 12:00:00 +0500
Commit for Tue 26 Mar 2024 12:00:00 +0500
Commit for Mon 25 Mar 2024 12:00:00 +0500
Commit for Sun 24 Mar 2024 12:00:00 +0500
Commit for Sat 23 Mar 2024 12:00:00 +0500
Commit for Fri 22 Mar 2024 12:00:00 +0500
Commit for Thu 21 Mar 2024 12:00:00 +0500
Commit for Wed 20 Mar 2024 12:00:00 +0500
Commit for Tue 19 Mar 2024 12:00:00 +0500
Commit for Mon 18 Mar 2024 12:00:00 +0500
Commit for Sun 17 Mar 2024 12:00:00 +0500
Commit for Sat 16 Mar 2024 12:00:00 +0500
Commit for Fri 15 Mar 2024 12:00:00 +0500
Commit for Thu 14 Mar 2024 12:00:00 +0500
Commit for Wed 13 Mar 2024 12:00:00 +0500
Commit for Tue 12 Mar 2024 12:00:00 +0500
Commit for Mon 11 Mar 2024 12:00:00 +0500
Commit for Sun 10 Mar 2024 12:00:00 +0500
Commit for Sat 09 Mar 2024 12:00:00 +0500
Commit for Fri 08 Mar 2024 12:00:00 +0500
Commit for Thu 07 Mar 2024 12:00:00 +0500
Commit for Wed 06 Mar 2024 12:00:00 +0500
Commit for Tue 05 Mar 2024 12:00:00 +0500
Commit for Mon 04 Mar 2024 12:00:00 +0500
Commit for Sun 03 Mar 2024 12:00:00 +0500
Commit for Sat 02 Mar 2024 12:00:00 +0500
Commit for Fri 01 Mar 2024 12:00:00 +0500
Commit for Thu 29 Feb 2024 12:00:00 +0500
Commit for Wed 28 Feb 2024 12:00:00 +0500
Commit for Tue 27 Feb 2024 12:00:00 +0500
Commit for Mon 26 Feb 2024 12:00:00 +0500
Commit for Sun 25 Feb 2024 12:00:00 +0500
Commit for Sat 24 Feb 2024 12:00:00 +0500
Commit for Fri 23 Feb 2024 12:00:00 +0500
Commit for Thu 22 Feb 2024 12:00:00 +0500
Commit for Wed 21 Feb 2024 12:00:00 +0500
Commit for Tue 20 Feb 2024 12:00:00 +0500
Commit for Mon 19 Feb 2024 12:00:00 +0500
Commit for Sun 18 Feb 2024 12:00:00 +0500
Commit for Sat 17 Feb 2024 12:00:00 +0500
Commit for Fri 16 Feb 2024 12:00:00 +0500
Commit for Thu 15 Feb 2024 12:00:00 +0500
Commit for Wed 14 Feb 2024 12:00:00 +0500
Commit for Tue 13 Feb 2024 12:00:00 +0500
Commit for Mon 12 Feb 2024 12:00:00 +0500
Commit for Sun 11 Feb 2024 12:00:00 +0500
Commit for Sat 10 Feb 2024 12:00:00 +0500
Commit for Fri 09 Feb 2024 12:00:00 +0500
Commit for Thu 08 Feb 2024 12:00:00 +0500
Commit for Wed 07 Feb 2024 12:00:00 +0500
Commit for Tue 06 Feb 2024 12:00:00 +0500
Commit for Mon 05 Feb 2024 12:00:00 +0500
Commit for Sun 04 Feb 2024 12:00:00 +0500
Commit for Sat 03 Feb 2024 12:00:00 +0500
Commit for Fri 02 Feb 2024 12:00:00 +0500
Commit for Thu 01 Feb 2024 12:00:00 +0500
Commit for Wed 31 Jan 2024 12:00:00 +0500
Commit for Tue 30 Jan 2024 12:00:00 +0500
Commit for Mon 29 Jan 2024 12:00:00 +0500
Commit for Sun 28 Jan 2024 12:00:00 +0500
Commit for Sat 27 Jan 2024 12:00:00 +0500
Commit for Fri 26 Jan 2024 12:00:00 +0500
Commit for Thu 25 Jan 2024 12:00:00 +0500
Commit for Wed 24 Jan 2024 12:00:00 +0500
Commit for Tue 23 Jan 2024 12:00:00 +0500
Commit for Mon 22 Jan 2024 12:00:00 +0500
Commit for Sun 21 Jan 2024 12:00:00 +0500
Commit for Sat 20 Jan 2024 12:00:00 +0500
Commit for Fri 19 Jan 2024 12:00:00 +0500
Commit for Thu 18 Jan 2024 12:00:00 +0500
Commit for Wed 17 Jan 2024 12:00:00 +0500
Commit for Tue 16 Jan 2024 12:00:00 +0500
Commit for Mon 15 Jan 2024 12:00:00 +0500
Commit for Sun 14 Jan 2024 12:00:00 +0500
Commit for Sat 13 Jan 2024 12:00:00 +0500
Commit for Fri 12 Jan 2024 12:00:00 +0500
Commit for Thu 11 Jan 2024 12:00:00 +0500
Commit for Wed 10 Jan 2024 12:00:00 +0500
Commit for Tue 09 Jan 2024 12:00:00 +0500
Commit for Mon 08 Jan 2024 12:00:00 +0500
Commit for Sun 07 Jan 2024 12:00:00 +0500
Commit for Sat 06 Jan 2024 12:00:00 +0500
Commit for Fri 05 Jan 2024 12:00:00 +0500
Commit for Thu 04 Jan 2024 12:00:00 +0500
Commit for Wed 03 Jan 2024 12:00:00 +0500
Commit for Tue 02 Jan 2024 12:00:00 +0500
Commit for Mon 01 Jan 2024 12:00:00 +0500
Commit for Sun 31 Dec 2023 12:00:00 +0500
Commit for Sat 30 Dec 2023 12:00:00 +0500
Commit for Fri 29 Dec 2023 12:00:00 +0500
Commit for Thu 28 Dec 2023 12:00:00 +0500
Commit for Wed 27 Dec 2023 12:00:00 +0500
Commit for Tue 26 Dec 2023 12:00:00 +0500
Commit for Mon 25 Dec 2023 12:00:00 +0500
Commit for Sun 24 Dec 2023 12:00:00 +0500
Commit for Sat 23 Dec 2023 12:00:00 +0500
Commit for Fri 22 Dec 2023 12:00:00 +0500
Commit for Thu 21 Dec 2023 12:00:00 +0500
Commit for Wed 20 Dec 2023 12:00:00 +0500
Commit for Tue 19 Dec 2023 12:00:00 +0500
Commit for Mon 18 Dec 2023 12:00:00 +0500
Commit for Sun 17 Dec 2023 12:00:00 +0500
Commit for Sat 16 Dec 2023 12:00:00 +0500
Commit for Fri 15 Dec 2023 12:00:00 +0500
Commit for Thu 14 Dec 2023 12:00:00 +0500
Commit for Wed 13 Dec 2023 12:00:00 +0500
Commit for Tue 12 Dec 2023 12:00:00 +0500
Commit for Mon 11 Dec 2023 12:00:00 +0500
Commit for Sun 10 Dec 2023 12:00:00 +0500
Commit for Sat 09 Dec 2023 12:00:00 +0500
Commit for Fri 08 Dec 2023 12:00:00 +0500
Commit for Thu 07 Dec 2023 12:00:00 +0500
Commit for Wed 06 Dec 2023 12:00:00 +0500
Commit for Tue 05 Dec 2023 12:00:00 +0500
Commit for Mon 04 Dec 2023 12:00:00 +0500
Commit for Sun 03 Dec 2023 12:00:00 +0500
Commit for Sat 02 Dec 2023 12:00:00 +0500
Commit for Fri 01 Dec 2023 12:00:00 +0500
Commit for Thu 30 Nov 2023 12:00:00 +0500
Commit for Wed 29 Nov 2023 12:00:00 +0500
Commit for Tue 28 Nov 2023 12:00:00 +0500
Commit for Mon 27 Nov 2023 12:00:00 +0500
Commit for Sun 26 Nov 2023 12:00:00 +0500
Commit for Sat 25 Nov 2023 12:00:00 +0500
Commit for Fri 24 Nov 2023 12:00:00 +0500
Commit for Thu 23 Nov 2023 12:00:00 +0500
Commit for Wed 22 Nov 2023 12:00:00 +0500
Commit for Tue 21 Nov 2023 12:00:00 +0500
Commit for Mon 20 Nov 2023 12:00:00 +0500
Commit for Sun 19 Nov 2023 12:00:00 +0500
Commit for Sat 18 Nov 2023 12:00:00 +0500
Commit for Fri 17 Nov 2023 12:00:00 +0500
Commit for Thu 16 Nov 2023 12:00:00 +0500
Commit for Wed 15 Nov 2023 12:00:00 +0500
Commit for Tue 14 Nov 2023 12:00:00 +0500
Commit for Mon 13 Nov 2023 12:00:00 +0500
Commit for Sun 12 Nov 2023 12:00:00 +0500
Commit for Sat 11 Nov 2023 12:00:00 +0500
Commit for Fri 10 Nov 2023 12:00:00 +0500
Commit for Thu 09 Nov 2023 12:00:00 +0500
Commit for Wed 08 Nov 2023 12:00:00 +0500
Commit for Tue 07 Nov 2023 12:00:00 +0500
Commit for Mon 06 Nov 2023 12:00:00 +0500
Commit for Sun 05 Nov 2023 12:00:00 +0500
Commit for Sat 04 Nov 2023 12:00:00 +0500
Commit for Fri 03 Nov 2023 12:00:00 +0500
Commit for Thu 02 Nov 2023 12:00:00 +0500
Commit for Wed 01 Nov 2023 12:00:00 +0500
Commit for Tue 31 Oct 2023 12:00:00 +0500
Commit for Mon 30 Oct 2023 12:00:00 +0500
Commit for Sun 29 Oct 2023 12:00:00 +0500
Commit for Sat 28 Oct 2023 12:00:00 +0500
Commit for Fri 27 Oct 2023 12:00:00 +0500
Commit for Thu 26 Oct 2023 12:00:00 +0500
Commit for Wed 25 Oct 2023 12:00:00 +0500
Commit for Tue 24 Oct 2023 12:00:00 +0500
Commit for Mon 23 Oct 2023 12:00:00 +0500
Commit for Sun 22 Oct 2023 12:00:00 +0500
Commit for Sat 21 Oct 2023 12:00:00 +0500
Commit for Fri 20 Oct 2023 12:00:00 +0500
Commit for Thu 19 Oct 2023 12:00:00 +0500
Commit for Wed 18 Oct 2023 12:00:00 +0500
Commit for Tue 17 Oct 2023 12:00:00 +0500
Commit for Mon 16 Oct 2023 12:00:00 +0500
Commit for Sun 15 Oct 2023 12:00:00 +0500
Commit for Sat 14 Oct 2023 12:00:00 +0500
Commit for Fri 13 Oct 2023 12:00:00 +0500
Commit for Thu 12 Oct 2023 12:00:00 +0500
Commit for Wed 11 Oct 2023 12:00:00 +0500
Commit for Tue 10 Oct 2023 12:00:00 +0500
Commit for Mon 09 Oct 2023 12:00:00 +0500
Commit for Sun 08 Oct 2023 12:00:00 +0500
Commit for Sat 07 Oct 2023 12:00:00 +0500
Commit for Fri 06 Oct 2023 12:00:00 +0500
Commit for Thu 05 Oct 2023 12:00:00 +0500
Commit for Wed 04 Oct 2023 12:00:00 +0500
Commit for Tue 03 Oct 2023 12:00:00 +0500
Commit for Mon 02 Oct 2023 12:00:00 +0500
Commit for Sun 01 Oct 2023 12:00:00 +0500
Commit for Sat 30 Sep 2023 12:00:00 +0500
Commit for Fri 29 Sep 2023 12:00:00 +0500
Commit for Thu 28 Sep 2023 12:00:00 +0500
Commit for Wed 27 Sep 2023 12:00:00 +0500
Commit for Tue 26 Sep 2023 12:00:00 +0500
Commit for Mon 25 Sep 2023 12:00:00 +0500
Commit for Sun 24 Sep 2023 12:00:00 +0500
Commit for Sat 23 Sep 2023 12:00:00 +0500
Commit for Fri 22 Sep 2023 12:00:00 +0500
Commit for Thu 21 Sep 2023 12:00:00 +0500
Commit for Wed 20 Sep 2023 12:00:00 +0500
Commit for Tue 19 Sep 2023 12:00:00 +0500
Commit for Mon 18 Sep 2023 12:00:00 +0500
Commit for Sun 17 Sep 2023 12:00:00 +0500
Commit for Sat 16 Sep 2023 12:00:00 +0500
Commit for Fri 15 Sep 2023 12:00:00 +0500
Commit for Thu 14 Sep 2023 12:00:00 +0500
Commit for Wed 13 Sep 2023 12:00:00 +0500
Commit for Tue 12 Sep 2023 12:00:00 +0500
Commit for Mon 11 Sep 2023 12:00:00 +0500
Commit for Sun 10 Sep 2023 12:00:00 +0500
Commit for Sat 09 Sep 2023 12:00:00 +0500
Commit for Fri 08 Sep 2023 12:00:00 +0500
Commit for Thu 07 Sep 2023 12:00:00 +0500
Commit for Wed 06 Sep 2023 12:00:00 +0500
Commit for Tue 05 Sep 2023 12:00:00 +0500
Commit for Mon 04 Sep 2023 12:00:00 +0500
Commit for Sun 03 Sep 2023 12:00:00 +0500
Commit for Sat 02 Sep 2023 12:00:00 +0500
Commit for Fri 01 Sep 2023 12:00:00 +0500
Commit for Thu 31 Aug 2023 12:00:00 +0500
Commit for Wed 30 Aug 2023 12:00:00 +0500
Commit for Tue 29 Aug 2023 12:00:00 +0500
Commit for Mon 28 Aug 2023 12:00:00 +0500
Commit for Sun 27 Aug 2023 12:00:00 +0500
Commit for Sat 26 Aug 2023 12:00:00 +0500
Commit for Fri 25 Aug 2023 12:00:00 +0500
Commit for Thu 24 Aug 2023 12:00:00 +0500
Commit for Wed 23 Aug 2023 12:00:00 +0500
Commit for Tue 22 Aug 2023 12:00:00 +0500
Commit for Mon 21 Aug 2023 12:00:00 +0500
Commit for Sun 20 Aug 2023 12:00:00 +0500
Commit for Sat 19 Aug 2023 12:00:00 +0500
Commit for Fri 18 Aug 2023 12:00:00 +0500
Commit for Thu 17 Aug 2023 12:00:00 +0500
Commit for Wed 16 Aug 2023 12:00:00 +0500
Commit for Tue 15 Aug 2023 12:00:00 +0500
Commit for Mon 14 Aug 2023 12:00:00 +0500
Commit for Sun 13 Aug 2023 12:00:00 +0500
Commit for Sat 12 Aug 2023 12:00:00 +0500
Commit for Fri 11 Aug 2023 12:00:00 +0500
Commit for Thu 10 Aug 2023 12:00:00 +0500
Commit for Wed 09 Aug 2023 12:00:00 +0500
Commit for Tue 08 Aug 2023 12:00:00 +0500
Commit for Mon 07 Aug 2023 12:00:00 +0500
Commit for Sun 06 Aug 2023 12:00:00 +0500
Commit for Sat 05 Aug 2023 12:00:00 +0500
Commit for Fri 04 Aug 2023 12:00:00 +0500
Commit for Thu 03 Aug 2023 12:00:00 +0500
Commit for Wed 02 Aug 2023 12:00:00 +0500
Commit for Tue 01 Aug 2023 12:00:00 +0500
Commit for Mon 31 Jul 2023 12:00:00 +0500
Commit for Sun 30 Jul 2023 12:00:00 +0500
Commit for Sat 29 Jul 2023 12:00:00 +0500
Commit for Fri 28 Jul 2023 12:00:00 +0500
Commit for Thu 27 Jul 2023 12:00:00 +0500
Commit for Wed 26 Jul 2023 12:00:00 +0500
Commit for Tue 25 Jul 2023 12:00:00 +0500
Commit for Mon 24 Jul 2023 12:00:00 +0500
Commit for Sun 23 Jul 2023 12:00:00 +0500
Commit for Sat 22 Jul 2023 12:00:00 +0500
Commit for Fri 21 Jul 2023 12:00:00 +0500
Commit for Thu 20 Jul 2023 12:00:00 +0500
Commit for Wed 19 Jul 2023 12:00:00 +0500
Commit for Tue 18 Jul 2023 12:00:00 +0500
Commit for Mon 17 Jul 2023 12:00:00 +0500
Commit for Sun 16 Jul 2023 12:00:00 +0500
Commit for Sat 15 Jul 2023 12:00:00 +0500
Commit for Fri 14 Jul 2023 12:00:00 +0500
Commit for Thu 13 Jul 2023 12:00:00 +0500
Commit for Wed 12 Jul 2023 12:00:00 +0500
Commit for Tue 11 Jul 2023 12:00:00 +0500
Commit for Mon 10 Jul 2023 12:00:00 +0500
Commit for Sun 09 Jul 2023 12:00:00 +0500
Commit for Sat 08 Jul 2023 12:00:00 +0500
Commit for Fri 07 Jul 2023 12:00:00 +0500
Commit for Thu 06 Jul 2023 12:00:00 +0500
Commit for Wed 05 Jul 2023 12:00:00 +0500
Commit for Tue 04 Jul 2023 12:00:00 +0500
Commit for Mon 03 Jul 2023 12:00:00 +0500
Commit for Sun 02 Jul 2023 12:00:00 +0500
Commit for Sat 01 Jul 2023 12:00:00 +0500
Commit for Fri 30 Jun 2023 12:00:00 +0500
Commit for Thu 29 Jun 2023 12:00:00 +0500
Commit for Wed 28 Jun 2023 12:00:00 +0500
Commit for Tue 27 Jun 2023 12:00:00 +0500
Commit for Mon 26 Jun 2023 12:00:00 +0500
Commit for Sun 25 Jun 2023 12:00:00 +0500
Commit for Sat 24 Jun 2023 12:00:00 +0500
Commit for Fri 23 Jun 2023 12:00:00 +0500
Commit for Thu 22 Jun 2023 12:00:00 +0500
Commit for Wed 21 Jun 2023 12:00:00 +0500
Commit for Tue 20 Jun 2023 12:00:00 +0500
Commit for Mon 19 Jun 2023 12:00:00 +0500
Commit for Sun 18 Jun 2023 12:00:00 +0500
Commit for Sat 17 Jun 2023 12:00:00 +0500
Commit for Fri 16 Jun 2023 12:00:00 +0500
Commit for Thu 15 Jun 2023 12:00:00 +0500
Commit for Wed 14 Jun 2023 12:00:00 +0500
Commit for Tue 13 Jun 2023 12:00:00 +0500
Commit for Mon 12 Jun 2023 12:00:00 +0500
Commit for Sun 11 Jun 2023 12:00:00 +0500
Commit for Sat 10 Jun 2023 12:00:00 +0500
Commit for Fri 09 Jun 2023 12:00:00 +0500
Commit for Thu 08 Jun 2023 12:00:00 +0500
Commit for Wed 07 Jun 2023 12:00:00 +0500
Commit for Tue 06 Jun 2023 12:00:00 +0500
Commit for Mon 05 Jun 2023 12:00:00 +0500
Commit for Sun 04 Jun 2023 12:00:00 +0500
Commit for Sat 03 Jun 2023 12:00:00 +0500
Commit for Fri 02 Jun 2023 12:00:00 +0500
Commit for Thu 01 Jun 2023 12:00:00 +0500
Commit for Wed 31 May 2023 12:00:00 +0500
Commit for Tue 30 May 2023 12:00:00 +0500
Commit for Mon 29 May 2023 12:00:00 +0500
Commit for Sun 28 May 2023 12:00:00 +0500
Commit for Sat 27 May 2023 12:00:00 +0500
Commit for Fri 26 May 2023 12:00:00 +0500
Commit for Thu 25 May 2023 12:00:00 +0500
Commit for Wed 24 May 2023 12:00:00 +0500
Commit for Tue 23 May 2023 12:00:00 +0500
Commit for Mon 22 May 2023 12:00:00 +0500
Commit for Sun 21 May 2023 12:00:00 +0500
Commit for Sat 20 May 2023 12:00:00 +0500
Commit for Fri 19 May 2023 12:00:00 +0500
Commit for Thu 18 May 2023 12:00:00 +0500
Commit for Wed 17 May 2023 12:00:00 +0500
Commit for Tue 16 May 2023 12:00:00 +0500
Commit for Mon 15 May 2023 12:00:00 +0500
Commit for Sun 14 May 2023 12:00:00 +0500
Commit for Sat 13 May 2023 12:00:00 +0500
Commit for Fri 12 May 2023 12:00:00 +0500
Commit for Thu 11 May 2023 12:00:00 +0500
Commit for Wed 10 May 2023 12:00:00 +0500
Commit for Tue 09 May 2023 12:00:00 +0500
Commit for Mon 08 May 2023 12:00:00 +0500
Commit for Sun 07 May 2023 12:00:00 +0500
Commit for Sat 06 May 2023 12:00:00 +0500
Commit for Fri 05 May 2023 12:00:00 +0500
Commit for Thu 04 May 2023 12:00:00 +0500
Commit for Wed 03 May 2023 12:00:00 +0500
Commit for Tue 02 May 2023 12:00:00 +0500
Commit for Mon 01 May 2023 12:00:00 +0500
Commit for Sun 30 Apr 2023 12:00:00 +0500
Commit for Sat 29 Apr 2023 12:00:00 +0500
Commit for Fri 28 Apr 2023 12:00:00 +0500
Commit for Thu 27 Apr 2023 12:00:00 +0500
Commit for Wed 26 Apr 2023 12:00:00 +0500
Commit for Tue 25 Apr 2023 12:00:00 +0500
Commit for Mon 24 Apr 2023 12:00:00 +0500
Commit for Sun 23 Apr 2023 12:00:00 +0500
Commit for Sat 22 Apr 2023 12:00:00 +0500
Commit for Fri 21 Apr 2023 12:00:00 +0500
Commit for Thu 20 Apr 2023 12:00:00 +0500
Commit for Wed 19 Apr 2023 12:00:00 +0500
Commit for Tue 18 Apr 2023 12:00:00 +0500
Commit for Mon 17 Apr 2023 12:00:00 +0500
Commit for Sun 16 Apr 2023 12:00:00 +0500
Commit for Sat 15 Apr 2023 12:00:00 +0500
Commit for Fri 14 Apr 2023 12:00:00 +0500
Commit for Thu 13 Apr 2023 12:00:00 +0500
Commit for Wed 12 Apr 2023 12:00:00 +0500
Commit for Tue 11 Apr 2023 12:00:00 +0500
Commit for Mon 10 Apr 2023 12:00:00 +0500
Commit for Sun 09 Apr 2023 12:00:00 +0500
Commit for Sat 08 Apr 2023 12:00:00 +0500
Commit for Fri 07 Apr 2023 12:00:00 +0500
Commit for Thu 06 Apr 2023 12:00:00 +0500
Commit for Wed 05 Apr 2023 12:00:00 +0500
Commit for Tue 04 Apr 2023 12:00:00 +0500
Commit for Mon 03 Apr 2023 12:00:00 +0500
Commit for Sun 02 Apr 2023 12:00:00 +0500
Commit for Sat 01 Apr 2023 12:00:00 +0500
Commit for Fri 31 Mar 2023 12:00:00 +0500
Commit for Thu 30 Mar 2023 12:00:00 +0500
Commit for Wed 29 Mar 2023 12:00:00 +0500
Commit for Tue 28 Mar 2023 12:00:00 +0500
Commit for Mon 27 Mar 2023 12:00:00 +0500
Commit for Sun 26 Mar 2023 12:00:00 +0500
Commit for Sat 25 Mar 2023 12:00:00 +0500
Commit for Fri 24 Mar 2023 12:00:00 +0500
Commit for Thu 23 Mar 2023 12:00:00 +0500
Commit for Wed 22 Mar 2023 12:00:00 +0500
Commit for Tue 21 Mar 2023 12:00:00 +0500
Commit for Mon 20 Mar 2023 12:00:00 +0500
Commit for Sun 19 Mar 2023 12:00:00 +0500
Commit for Sat 18 Mar 2023 12:00:00 +0500
Commit for Fri 17 Mar 2023 12:00:00 +0500
Commit for Thu 16 Mar 2023 12:00:00 +0500
Commit for Wed 15 Mar 2023 12:00:00 +0500
Commit for Tue 14 Mar 2023 12:00:00 +0500
Commit for Mon 13 Mar 2023 12:00:00 +0500
Commit for Sun 12 Mar 2023 12:00:00 +0500
Commit for Sat 11 Mar 2023 12:00:00 +0500
Commit for Fri 10 Mar 2023 12:00:00 +0500
Commit for Thu 09 Mar 2023 12:00:00 +0500
Commit for Wed 08 Mar 2023 12:00:00 +0500
Commit for Tue 07 Mar 2023 12:00:00 +0500
Commit for Mon 06 Mar 2023 12:00:00 +0500
Commit for Sun 05 Mar 2023 12:00:00 +0500
Commit for Sat 04 Mar 2023 12:00:00 +0500
Commit for Fri 03 Mar 2023 12:00:00 +0500
Commit for Thu 02 Mar 2023 12:00:00 +0500
Commit for Wed 01 Mar 2023 12:00:00 +0500
Commit for Tue 28 Feb 2023 12:00:00 +0500
Commit for Mon 27 Feb 2023 12:00:00 +0500
Commit for Sun 26 Feb 2023 12:00:00 +0500
Commit for Sat 25 Feb 2023 12:00:00 +0500
Commit for Fri 24 Feb 2023 12:00:00 +0500
Commit for Thu 23 Feb 2023 12:00:00 +0500
Commit for Wed 22 Feb 2023 12:00:00 +0500
Commit for Tue 21 Feb 2023 12:00:00 +0500
Commit for Mon 20 Feb 2023 12:00:00 +0500
Commit for Sun 19 Feb 2023 12:00:00 +0500
Commit for Sat 18 Feb 2023 12:00:00 +0500
Commit for Fri 17 Feb 2023 12:00:00 +0500
Commit for Thu 16 Feb 2023 12:00:00 +0500
Commit for Wed 15 Feb 2023 12:00:00 +0500
Commit for Tue 14 Feb 2023 12:00:00 +0500
Commit for Mon 13 Feb 2023 12:00:00 +0500
Commit for Sun 12 Feb 2023 12:00:00 +0500
Commit for Sat 11 Feb 2023 12:00:00 +0500
Commit for Fri 10 Feb 2023 12:00:00 +0500
Commit for Thu 09 Feb 2023 12:00:00 +0500
Commit for Wed 08 Feb 2023 12:00:00 +0500
Commit for Tue 07 Feb 2023 12:00:00 +0500
Commit for Mon 06 Feb 2023 12:00:00 +0500
Commit for Sun 05 Feb 2023 12:00:00 +0500
Commit for Sat 04 Feb 2023 12:00:00 +0500
Commit for Fri 03 Feb 2023 12:00:00 +0500
Commit for Thu 02 Feb 2023 12:00:00 +0500
Commit for Wed 01 Feb 2023 12:00:00 +0500
Commit for Tue 31 Jan 2023 12:00:00 +0500
Commit for Mon 30 Jan 2023 12:00:00 +0500
Commit for Sun 29 Jan 2023 12:00:00 +0500
Commit for Sat 28 Jan 2023 12:00:00 +0500
Commit for Fri 27 Jan 2023 12:00:00 +0500
Commit for Thu 26 Jan 2023 12:00:00 +0500
Commit for Wed 25 Jan 2023 12:00:00 +0500
Commit for Tue 24 Jan 2023 12:00:00 +0500
Commit for Mon 23 Jan 2023 12:00:00 +0500
Commit for Sun 22 Jan 2023 12:00:00 +0500
Commit for Sat 21 Jan 2023 12:00:00 +0500
Commit for Fri 20 Jan 2023 12:00:00 +0500
Commit for Thu 19 Jan 2023 12:00:00 +0500
Commit for Wed 18 Jan 2023 12:00:00 +0500
Commit for Tue 17 Jan 2023 12:00:00 +0500
Commit for Mon 16 Jan 2023 12:00:00 +0500
Commit for Sun 15 Jan 2023 12:00:00 +0500
Commit for Sat 14 Jan 2023 12:00:00 +0500
Commit for Fri 13 Jan 2023 12:00:00 +0500
Commit for Thu 12 Jan 2023 12:00:00 +0500
Commit for Wed 11 Jan 2023 12:00:00 +0500
Commit for Tue 10 Jan 2023 12:00:00 +0500
Commit for Mon 09 Jan 2023 12:00:00 +0500
Commit for Sun 08 Jan 2023 12:00:00 +0500
Commit for Sat 07 Jan 2023 12:00:00 +0500
Commit for Fri 06 Jan 2023 12:00:00 +0500
Commit for Thu 05 Jan 2023 12:00:00 +0500
Commit for Wed 04 Jan 2023 12:00:00 +0500
Commit for Tue 03 Jan 2023 12:00:00 +0500
Commit for Thu 17 Apr 2025 12:00:00 +0500
Commit for Wed 16 Apr 2025 12:00:00 +0500
Commit for Tue 15 Apr 2025 12:00:00 +0500
Commit for Mon 14 Apr 2025 12:00:00 +0500
Commit for Sun 13 Apr 2025 12:00:00 +0500
Commit for Sat 12 Apr 2025 12:00:00 +0500
Commit for Fri 11 Apr 2025 12:00:00 +0500
Commit for Thu 10 Apr 2025 12:00:00 +0500
Commit for Wed 09 Apr 2025 12:00:00 +0500
Commit for Tue 08 Apr 2025 12:00:00 +0500
Commit for Mon 07 Apr 2025 12:00:00 +0500
Commit for Sun 06 Apr 2025 12:00:00 +0500
Commit for Sat 05 Apr 2025 12:00:00 +0500
Commit for Fri 04 Apr 2025 12:00:00 +0500
Commit for Thu 03 Apr 2025 12:00:00 +0500
Commit for Wed 02 Apr 2025 12:00:00 +0500
Commit for Tue 01 Apr 2025 12:00:00 +0500
Commit for Mon 31 Mar 2025 12:00:00 +0500
Commit for Sun 30 Mar 2025 12:00:00 +0500
Commit for Sat 29 Mar 2025 12:00:00 +0500
Commit for Fri 28 Mar 2025 12:00:00 +0500
Commit for Thu 27 Mar 2025 12:00:00 +0500
Commit for Wed 26 Mar 2025 12:00:00 +0500
Commit for Tue 25 Mar 2025 12:00:00 +0500
Commit for Mon 24 Mar 2025 12:00:00 +0500
Commit for Sun 23 Mar 2025 12:00:00 +0500
Commit for Sat 22 Mar 2025 12:00:00 +0500
Commit for Fri 21 Mar 2025 12:00:00 +0500
Commit for Thu 20 Mar 2025 12:00:00 +0500
Commit for Wed 19 Mar 2025 12:00:00 +0500
Commit for Tue 18 Mar 2025 12:00:00 +0500
Commit for Mon 17 Mar 2025 12:00:00 +0500
Commit for Sun 16 Mar 2025 12:00:00 +0500
Commit for Sat 15 Mar 2025 12:00:00 +0500
Commit for Fri 14 Mar 2025 12:00:00 +0500
Commit for Thu 13 Mar 2025 12:00:00 +0500
Commit for Wed 12 Mar 2025 12:00:00 +0500
Commit for Tue 11 Mar 2025 12:00:00 +0500
Commit for Mon 10 Mar 2025 12:00:00 +0500
Commit for Sun 09 Mar 2025 12:00:00 +0500
Commit for Sat 08 Mar 2025 12:00:00 +0500
Commit for Fri 07 Mar 2025 12:00:00 +0500
Commit for Thu 06 Mar 2025 12:00:00 +0500
Commit for Wed 05 Mar 2025 12:00:00 +0500
Commit for Tue 04 Mar 2025 12:00:00 +0500
Commit for Mon 03 Mar 2025 12:00:00 +0500
Commit for Sun 02 Mar 2025 12:00:00 +0500
Commit for Sat 01 Mar 2025 12:00:00 +0500
Commit for Fri 28 Feb 2025 12:00:00 +0500
Commit for Thu 27 Feb 2025 12:00:00 +0500
Commit for Wed 26 Feb 2025 12:00:00 +0500
Commit for Tue 25 Feb 2025 12:00:00 +0500
Commit for Mon 24 Feb 2025 12:00:00 +0500
Commit for Sun 23 Feb 2025 12:00:00 +0500
Commit for Sat 22 Feb 2025 12:00:00 +0500
Commit for Fri 21 Feb 2025 12:00:00 +0500
Commit for Thu 20 Feb 2025 12:00:00 +0500
Commit for Wed 19 Feb 2025 12:00:00 +0500
Commit for Tue 18 Feb 2025 12:00:00 +0500
Commit for Mon 17 Feb 2025 12:00:00 +0500
Commit for Sun 16 Feb 2025 12:00:00 +0500
Commit for Sat 15 Feb 2025 12:00:00 +0500
Commit for Fri 14 Feb 2025 12:00:00 +0500
Commit for Thu 13 Feb 2025 12:00:00 +0500
Commit for Wed 12 Feb 2025 12:00:00 +0500
Commit for Tue 11 Feb 2025 12:00:00 +0500
Commit for Mon 10 Feb 2025 12:00:00 +0500
Commit for Sun 09 Feb 2025 12:00:00 +0500
Commit for Sat 08 Feb 2025 12:00:00 +0500
Commit for Fri 07 Feb 2025 12:00:00 +0500
Commit for Thu 06 Feb 2025 12:00:00 +0500
Commit for Wed 05 Feb 2025 12:00:00 +0500
Commit for Tue 04 Feb 2025 12:00:00 +0500
Commit for Mon 03 Feb 2025 12:00:00 +0500
Commit for Sun 02 Feb 2025 12:00:00 +0500
Commit for Sat 01 Feb 2025 12:00:00 +0500
Commit for Fri 31 Jan 2025 12:00:00 +0500
Commit for Thu 30 Jan 2025 12:00:00 +0500
Commit for Wed 29 Jan 2025 12:00:00 +0500
Commit for Tue 28 Jan 2025 12:00:00 +0500
Commit for Mon 27 Jan 2025 12:00:00 +0500
Commit for Sun 26 Jan 2025 12:00:00 +0500
Commit for Sat 25 Jan 2025 12:00:00 +0500
Commit for Fri 24 Jan 2025 12:00:00 +0500
Commit for Thu 23 Jan 2025 12:00:00 +0500
Commit for Wed 22 Jan 2025 12:00:00 +0500
Commit for Tue 21 Jan 2025 12:00:00 +0500
Commit for Mon 20 Jan 2025 12:00:00 +0500
Commit for Sun 19 Jan 2025 12:00:00 +0500
Commit for Sat 18 Jan 2025 12:00:00 +0500
Commit for Fri 17 Jan 2025 12:00:00 +0500
Commit for Thu 16 Jan 2025 12:00:00 +0500
Commit for Wed 15 Jan 2025 12:00:00 +0500
Commit for Tue 14 Jan 2025 12:00:00 +0500
Commit for Mon 13 Jan 2025 12:00:00 +0500
Commit for Sun 12 Jan 2025 12:00:00 +0500
Commit for Sat 11 Jan 2025 12:00:00 +0500
Commit for Fri 10 Jan 2025 12:00:00 +0500
Commit for Thu 09 Jan 2025 12:00:00 +0500
Commit for Wed 08 Jan 2025 12:00:00 +0500
Commit for Tue 07 Jan 2025 12:00:00 +0500
Commit for Mon 06 Jan 2025 12:00:00 +0500
Commit for Sun 05 Jan 2025 12:00:00 +0500
Commit for Sat 04 Jan 2025 12:00:00 +0500
Commit for Fri 03 Jan 2025 12:00:00 +0500
Commit for Thu 02 Jan 2025 12:00:00 +0500
Commit for Wed 01 Jan 2025 12:00:00 +0500
Commit for Tue 31 Dec 2024 12:00:00 +0500
Commit for Mon 30 Dec 2024 12:00:00 +0500
Commit for Sun 29 Dec 2024 12:00:00 +0500
